{
  "adapter_step": 27403,
  "base_model": "zai-org/GLM-OCR",
  "test_protocol": "3000 source-disjoint v2 measure samples; 1000 per display mode",
  "release_gate_passed": false,
  "overall": {
    "samples": 3000,
    "syntax_valid_rate": 0.9973333333333333,
    "constraint_valid_rate": 0.9626666666666667,
    "exact_match_rate": 0.5896666666666667,
    "core_exact_rate": 0.7423333333333333,
    "rhythm_exact_rate": 0.921,
    "note_fields_exact_rate": 0.7723333333333333,
    "string_accuracy": 0.9590416542399841,
    "fret_accuracy": 0.9531099844252245,
    "pitch_accuracy": 0.8556236117654977
  },
  "tab": {
    "samples": 1000,
    "syntax_valid_rate": 0.999,
    "constraint_valid_rate": 0.999,
    "exact_match_rate": 0.696,
    "core_exact_rate": 0.849,
    "rhythm_exact_rate": 0.92,
    "note_fields_exact_rate": 0.879,
    "string_accuracy": 0.965276391937737,
    "fret_accuracy": 0.9604204084347768
  },
  "both": {
    "samples": 1000,
    "syntax_valid_rate": 0.996,
    "constraint_valid_rate": 0.892,
    "exact_match_rate": 0.633,
    "core_exact_rate": 0.774,
    "rhythm_exact_rate": 0.909,
    "note_fields_exact_rate": 0.807,
    "string_accuracy": 0.9528526148969889,
    "fret_accuracy": 0.9458531431590068,
    "pitch_accuracy": 0.9090729001584786
  },
  "notation": {
    "samples": 1000,
    "syntax_valid_rate": 0.997,
    "constraint_valid_rate": 0.997,
    "exact_match_rate": 0.44,
    "core_exact_rate": 0.604,
    "rhythm_exact_rate": 0.934,
    "note_fields_exact_rate": 0.631,
    "pitch_accuracy": 0.8000686341798215
  }
}
